측정날짜(MSRDATE),측정소_행정동코드(MSRADMCODE),대기환경등급(GRADE),통합대기환경지수(MAXINDEX),지수결정물질(POLLUTANT),이산화질소_농도(NITROGEN),이산화실소_지수(NITROGENINDEX),오존_농도(OZONE),오존_지수(OZONEINDEX),일산화탄소_농도(CARBON),일산화탄소_지수(CARBONINDEX),아황산가스_농도(SULFUROUS),아황산가스_지수(SULFUROUSINDEX),미세먼지_농도(PM10),미세먼지_지수(PM10INDEX),미세먼지(24시)농도(PM24),미세먼지(24시)지수결정물질(PM24INDEX),권역코드(MSRRGNCODE),권역명(MSRRGNNAME),측정소명(MSRSTENAME)
200801072100 ,111181,점검중,94,점검중,0.057,93,0.002,35,0.6,30,0.007,10,107,98,42,54,101,서남권,광진구
200801191600 ,111121,보통,76,점검중,0.045,30,0.003,26,0.4,10,0.01,8,72,119,8,1,103,서남권,강동구
200801221700 ,111273,보통,282,PM10,0.047,25,0.021,47,0.3,15,0.004,10,19,34,53,29,104,서남권,영등포구
200801300000 ,111181,점검중,-99,PM25,0.046,13,0.003,15,0.5,20,점검중,5,89,9,27,88,103,서남권,영등포구
200801311700 ,111191,보통,-99,점검중,0.021,37,,76,0.8,13,0.002,10,18,57,46,94,103,동남권,금천구
200802061300 ,111191,점검중,-99,O3,0.032,76,0.043,13,0.4,30,0.004,10,78,70,45,66,102,동남권,강동구
200802191100 ,111141,점검중,-99,점검중,0.014,107,0.025,23,0.7,18,0.015,15,47,280,29,66,103,서남권,성동구
200803011700 ,111241,좋음,-99,PM10,0.023,37,0.014,33,0.6,15,0.006,10,70,86,33,87,103,동남권,강북구
200803101000 ,111201,점검중,-99,NO2,0.037,54,0.069,33,1.2,13,0.004,18,15,117,23,1,103,동북권,마포구
200803271800 ,111291,보통,-99,점검중,0.034,98,0.009,3,0.3,25,0.002,18,74,99,13,24,101,서남권,강서구
200804061200 ,111231,좋음,-99,NO2,0.011,15,0.008,64,0.4,10,0.004,15,점검중,72,60,15,104,서남권,마포구
200804180400 ,111141,점검중,69,PM10,0.035,18,0.035,13,0.3,10,0.006,15,21,91,143,45,102,서남권,서초구
200804210200 ,111151,점검중,-99,점검중,0.049,30,0.028,73,0.7,15,0.005,28,54,29,87,46,100,서남권,종로구
200804220000 ,111262,점검중,-99,PM10,0.022,25,0.054,43,0.3,15,0.004,13,9,101,14,57,103,도심권,동작구
200806080100 ,111141,점검중,-99,PM25,0.02,61,0.023,25,0.3,10,0.002,5,22,22,35,49,101,서남권,도봉구
200806202200 ,111201,점검중,64,PM25,0.049,83,0.09,5,1.5,10,0.008,20,58,90,77,78,103,서남권,은평구
200807071000 ,111231,점검중,-99,점검중,0.038,15,0.031,78,0.4,,0.004,3,174,0,44,20,102,서북권,금천구
200807141800 ,111161,점검중,-99,PM10,0.054,33,0.02,19,0.6,15,0.006,8,61,26,29,82,102,동북권,송파구
200808211200 ,111191,점검중,-99,점검중,0.014,63,0.007,47,0.3,8,0.006,10,28,74,32,53,101,도심권,관악구
200808260700 ,111151,점검중,-99,점검중,0.039,47,0.007,5,0.6,8,0.002,10,90,64,26,67,102,동남권,관악구
200809051500 ,111231,점검중,84,NO2,0.026,37,0.002,20,0.8,3,0.005,10,31,95,138,100,102,도심권,도봉구
200809110900 ,111261,점검중,-99,점검중,0.042,35,0.002,60,0.4,13,0.005,13,38,44,18,60,102,동북권,중랑구
200809270000 ,111273,점검중,84,점검중,0.034,22,0.058,30,1,10,0.008,18,43,68,26,50,104,도심권,구로구
200810130800 ,111311,좋음,-99,점검중,0.041,122,0.062,19,0.4,20,0.004,15,71,29,70,71,101,동북권,강서구
200810140900 ,111151,점검중,-99,NO2,0.032,59,0.009,1,1.2,5,0.007,5,99,68,46,85,103,도심권,양천구
200810181700 ,111191,나쁨,-99,PM25,0.036,58,0.004,37,1,20,0.006,8,20,93,48,71,101,서남권,동작구
200811030600 ,111161,점검중,-99,NO2,0.017,75,0.032,8,0.5,,0.006,15,44,100,30,66,100,동북권,성북구
200811090600 ,111273,점검중,-99,O3,0.018,27,0.011,80,0.4,13,0.003,5,74,255,63,80,102,서남권,중구
200811091300 ,111212,보통,-99,PM25,0.014,32,0.023,16,0.5,15,0.003,10,32,42,37,82,100,서남권,송파구
200812021200 ,111123,점검중,51,PM25,0.071,75,0.018,63,0.3,5,0.008,10,51,39,64,78,102,동북권,용산구
200812030500 ,111201,점검중,47,PM25,0.07,25,,4,0.4,25,0.004,33,63,57,54,2,100,동북권,영등포구
200812030900 ,111221,점검중,-99,점검중,0.048,61,0.015,3,0.7,5,0.008,35,32,106,67,44,103,동북권,중랑구
200812110400 ,111251,점검중,64,O3,0.019,93,0.003,23,0.2,25,0.003,20,43,31,53,67,103,동북권,금천구
200812200700 ,111261,점검중,61,PM10,0.021,75,,33,0.6,8,0.004,18,83,46,53,58,103,도심권,마포구
200902110300 ,111262,점검중,-99,점검중,0.025,22,0.053,9,0.6,10,점검중,10,27,51,44,20,103,동남권,종로구
200903011700 ,111262,보통,61,점검중,0.007,25,0.013,44,0.3,8,0.008,13,38,155,56,80,102,서남권,동대문구
200903311700 ,111161,보통,-99,점검중,0.017,47,0.001,33,0.8,13,0.004,18,61,119,81,91,102,동북권,강동구
200904020600 ,111171,보통,39,점검중,0.028,50,0.008,1,0.3,10,0.006,15,112,49,22,98,103,서남권,성북구
200904050800 ,111231,점검중,-99,점검중,0.028,97,0.032,4,0.4,10,0.004,13,28,52,35,80,103,서북권,중랑구
200904150200 ,111161,보통,-99,PM25,0.033,42,0.004,11,0.8,23,0.006,25,8,58,22,73,102,동남권,동작구
200905092100 ,111121,점검중,193,점검중,0.006,27,0.003,55,1.7,8,0.007,5,101,97,48,49,102,서북권,송파구
200905120300 ,111123,점검중,-99,점검중,0.019,42,0.05,30,0.5,30,0.017,10,44,101,62,49,103,서남권,금천구
200905130900 ,111151,점검중,-99,PM10,0.012,109,0.006,27,0.2,8,0.005,25,45,57,54,96,103,서북권,은평구
200905131300 ,111231,점검중,-99,점검중,0.05,85,0.036,21,0.5,10,0.003,13,6,188,18,59,101,서남권,강동구
200906070400 ,111311,점검중,58,O3,0.012,22,0.002,34,0.4,20,0.012,8,57,62,50,78,102,동북권,광진구
200906100100 ,111131,보통,-99,점검중,0.046,30,0.014,15,0.4,8,0.004,30,54,96,43,64,102,서남권,마포구
200906152200 ,111291,점검중,-99,점검중,0.017,59,0.018,8,0.4,10,0.002,8,75,80,61,72,102,서남권,관악구
200906230000 ,111231,점검중,52,PM25,0.016,45,0.029,22,0.4,18,0.004,10,104,87,17,77,103,동북권,서초구
200907272000 ,111261,좋음,-99,PM10,점검중,,0.007,47,0.2,8,0.003,10,57,69,18,93,100,서남권,강남구
200908030600 ,111212,점검중,-99,NO2,0.017,95,0.006,10,0.3,5,0.005,5,20,24,51,53,103,동북권,관악구
200908051800 ,111152,점검중,-99,PM25,0.054,47,0.018,34,0.4,28,0.004,8,45,175,15,5,104,서남권,금천구
200908080300 ,111191,점검중,49,PM10,점검중,23,0.012,63,0.2,5,0.021,18,93,65,57,61,101,도심권,종로구
200908082300 ,111261,점검중,-99,점검중,0.039,38,0.071,44,0.5,15,0.004,25,19,78,82,68,103,도심권,양천구
200908261700 ,111281,보통,56,NO2,0.032,114,0.009,41,0.3,18,0.008,10,15,82,7,86,103,서북권,중랑구
200908301600 ,111161,점검중,49,O3,0.074,61,0.011,1,0.9,10,0.004,13,91,56,44,89,101,동북권,서초구
200908310700 ,111131,점검중,62,PM25,0.023,76,0.027,8,0.4,10,0.002,10,16,47,22,45,102,서남권,성북구
200909092300 ,111261,보통,-99,점검중,0.069,105,0.032,20,0.8,10,0.007,15,163,67,34,80,103,동북권,광진구
200909150600 ,111311,보통,97,PM25,0.013,18,0.049,38,0.2,5,0.004,15,190,82,9,80,100,동남권,종로구
200909171200 ,111261,점검중,193,점검중,0.041,70,0.004,65,0.4,10,0.01,10,55,76,9,58,101,서남권,중구
200911061500 ,111311,점검중,72,점검중,0.015,28,0.003,71,0.4,15,0.004,20,52,90,64,73,102,서북권,서대문구
200911151400 ,111161,점검중,49,점검중,0.034,23,0.031,13,0.2,13,0.003,8,31,73,71,50,103,서북권,금천구
200911230300 ,111181,점검중,-99,점검중,0.054,78,0.008,25,0.4,20,0.004,13,83,91,18,63,100,동북권,용산구
200911302200 ,111152,좋음,68,점검중,0.014,50,,50,0.3,10,0.006,5,36,69,39,32,101,동북권,송파구
200912240600 ,111142,점검중,84,PM25,0.039,86,0.003,83,0.3,8,0.003,13,69,81,40,79,104,동북권,은평구
200912271400 ,111151,점검중,-99,O3,점검중,90,0.005,5,0.3,3,0.004,10,43,17,43,72,101,서남권,노원구
201001011700 ,111131,점검중,-99,점검중,0.04,80,0.033,8,0.9,18,0.009,13,29,52,56,61,102,동남권,관악구
201001012100 ,111212,점검중,97,점검중,0.05,50,0.057,3,0.2,5,0.009,13,28,92,52,59,103,동북권,강북구
201001100700 ,111152,보통,95,PM25,0.032,104,0.036,34,점검중,10,0.011,15,208,37,47,72,102,동남권,송파구
201001122200 ,111261,점검중,336,점검중,0.021,43,0.009,31,0.1,13,0.005,30,51,68,38,84,102,동북권,은평구
201001130300 ,111121,점검중,67,점검중,0.074,73,0.037,28,0.4,15,0.012,8,95,0,16,53,101,서남권,강남구
201001220600 ,111151,점검중,60,점검중,0.011,42,0.004,21,0.7,5,0.005,8,27,79,48,49,101,서남권,중구
201001301800 ,111141,점검중,104,PM10,0.023,22,0.013,4,0.5,3,0.007,23,42,110,21,63,102,동북권,서대문구
201002082000 ,111142,보통,-99,점검중,0.012,38,0.003,67,0.4,13,0.007,20,34,39,66,74,102,동북권,강서구
201002231600 ,111261,점검중,-99,NO2,0.052,35,0.028,5,0.6,13,0.007,18,25,76,20,71,101,동남권,동대문구
201003171700 ,111191,점검중,-99,점검중,0.017,98,0.023,30,0.2,15,0.008,13,18,92,점검중,21,103,동북권,용산구
201003270800 ,111141,좋음,68,점검중,0.035,42,0.003,3,0.3,15,0.008,8,점검중,77,43,76,102,동남권,노원구
201004150800 ,111231,점검중,-99,점검중,0.042,47,0.025,4,0.5,50,0.006,15,47,197,26,95,100,동북권,강동구
201004241300 ,111131,점검중,-99,O3,0.021,40,0.006,19,0.3,8,0.005,8,36,79,40,40,102,서남권,은평구
201005161900 ,111142,점검중,52,PM25,0.064,51,0.025,8,0.2,13,0.005,13,27,51,42,39,104,서남권,중구
201006051600 ,111161,보통,55,NO2,0.037,92,0.009,60,0.3,15,0.002,18,25,61,46,59,100,서남권,종로구
201006070000 ,111161,보통,-99,점검중,0.033,81,0.016,29,0.7,15,0.004,20,24,93,39,70,102,동남권,용산구
201006121700 ,111191,점검중,201,NO2,0.027,65,0.006,11,1.2,13,0.005,8,5,83,68,63,102,서남권,중구
201006220000 ,111131,점검중,-99,점검중,0.012,48,0.015,35,1.3,10,0.005,20,38,97,42,102,102,서남권,도봉구
201006250500 ,111311,보통,65,점검중,0.017,22,0.008,56,점검중,15,0.003,8,38,34,50,81,103,서남권,노원구
201006261100 ,111241,보통,57,점검중,0.028,28,0.009,3,0.2,8,0.004,20,158,94,31,93,101,동북권,금천구
201006270200 ,111131,점검중,-99,O3,0.061,35,0.024,37,0.3,10,0.003,20,410,143,74,47,103,동남권,종로구
201007051300 ,111261,점검중,-99,점검중,0.034,109,0.004,5,0.5,15,0.002,15,75,145,46,65,103,서북권,은평구
201007121700 ,111121,점검중,-99,점검중,0.006,61,0.033,3,0.3,8,0.002,13,17,91,33,83,103,서남권,금천구
201007131500 ,111151,점검중,74,점검중,점검중,110,0.015,3,0.5,10,0.009,51,31,54,50,50,102,동북권,서초구
201007301300 ,111171,점검중,-99,점검중,0.048,,0.02,9,0.5,10,0.005,15,35,27,34,85,101,서남권,도봉구
201008150200 ,111121,점검중,-99,점검중,0.017,81,0.003,80,0.2,13,0.007,8,24,83,73,54,100,도심권,은평구
201009040400 ,111151,점검중,-99,점검중,0.029,20,0.057,40,0.2,10,0.006,15,38,57,19,52,102,서남권,관악구
201009071100 ,111231,보통,81,O3,0.084,65,0.032,3,0.8,13,0.011,13,24,82,50,76,101,동북권,서초구
201009071300 ,111231,보통,-99,PM10,0.048,37,0.056,35,0.4,8,0.01,10,96,86,25,52,103,동북권,동대문구
201010080900 ,111291,보통,-99,O3,0.018,20,0.013,9,1.2,10,0.005,13,58,14,점검중,49,102,도심권,중랑구
201010232000 ,111212,보통,-99,점검중,0.026,53,0.027,115,0.2,30,0.006,5,31,0,61,15,101,동북권,강서구
201011080900 ,111191,점검중,-99,NO2,0.021,56,0.014,78,0.4,13,0.008,13,91,22,62,50,102,동북권,영등포구
201011162200 ,111201,점검중,63,PM10,0.055,13,0.004,33,0.7,15,0.006,18,31,0,35,63,102,동북권,용산구
201012051300 ,111201,점검중,49,PM10,0.014,18,0.037,63,0.6,28,0.004,40,25,132,19,46,102,동북권,서초구
201012061000 ,111231,보통,75,PM25,0.015,37,0.029,38,0.5,10,0.006,15,131,53,34,64,102,서남권,동대문구
201012210100 ,111131,점검중,57,점검중,0.054,66,0.004,3,0.8,8,0.004,5,63,85,52,15,102,도심권,관악구
201012300100 ,111241,점검중,-99,점검중,0.032,40,0.02,15,0.2,28,0.007,8,75,82,19,61,102,동북권,중구
201101050200 ,111152,점검중,-99,점검중,0.038,95,0.066,25,0.6,10,0.005,13,58,73,33,69,104,동북권,강북구
201101280500 ,111251,점검중,65,점검중,0.026,45,0.036,58,0.3,18,0.002,8,38,49,27,60,102,도심권,관악구
201103020700 ,111151,점검중,-99,점검중,0.031,63,0.001,45,0.4,15,0.005,8,25,69,44,65,103,서남권,서초구
201103062300 ,111261,보통,74,점검중,0.018,23,0.003,38,0.4,5,0.002,10,79,77,25,96,102,서남권,용산구
201103081100 ,111241,점검중,-99,점검중,0.064,15,0.003,3,0.5,13,0.002,20,43,60,20,60,100,도심권,서초구
201103122300 ,111201,보통,175,O3,0.032,7,,23,0.3,5,0.003,10,37,216,57,104,100,동남권,성북구
201105020200 ,111141,좋음,221,점검중,0.017,81,0.03,1,0.8,15,0.005,3,41,54,58,57,100,동북권,양천구
201105211200 ,111311,점검중,81,점검중,0.042,93,0.006,18,0.5,35,0.011,15,89,57,46,89,101,동북권,용산구
201106080800 ,111291,나쁨,233,NO2,0.027,104,0.008,11,점검중,5,0.005,10,65,87,68,84,102,동북권,송파구
201106141800 ,111261,점검중,-99,점검중,0.017,37,0.032,3,0.5,15,0.004,3,12,29,44,65,104,서남권,금천구
201107171900 ,111251,점검중,-99,O3,0.084,10,0.038,21,0.4,13,0.008,5,33,95,64,43,101,동북권,광진구
201108141900 ,111123,점검중,-99,점검중,0.026,63,0.026,3,0.6,18,0.002,13,68,83,65,83,101,서남권,강남구
201108151500 ,111231,보통,80,PM25,0.013,45,0.001,77,0.6,15,0.003,13,8,136,56,11,102,동북권,양천구
201108191700 ,111241,보통,58,점검중,0.059,,0.046,84,0.6,10,0.004,18,30,64,70,83,100,서북권,관악구
201109070700 ,111261,점검중,-99,PM25,0.041,30,0.003,62,0.2,10,0.002,13,7,31,16,93,103,서북권,송파구
201109190900 ,111212,좋음,101,점검중,0.048,73,0.025,30,0.7,10,0.006,13,95,136,65,1,104,서남권,은평구
201109191400 ,111121,보통,53,점검중,0.026,76,0.022,21,0.4,25,0.004,18,44,184,26,54,104,서북권,송파구
201109201200 ,111201,점검중,74,PM25,0.043,115,0.028,38,0.3,5,0.005,15,29,76,12,90,102,서남권,양천구
201109241300 ,111231,점검중,294,NO2,0.062,54,0.049,30,0.5,10,0.002,28,38,90,15,49,100,도심권,서초구
201110041100 ,111301,점검중,-99,점검중,0.023,27,0.001,48,0.3,10,0.002,13,30,145,27,1,104,동북권,영등포구
201110111600 ,111212,보통,-99,PM10,0.051,23,0.045,1,0.6,10,0.004,8,24,90,69,55,103,동남권,성동구
201110140400 ,111171,보통,76,점검중,0.012,54,0.021,3,0.5,10,0.005,8,15,34,67,67,102,동북권,중랑구
201111151700 ,111161,점검중,-99,점검중,0.064,43,0.013,5,0.3,5,점검중,15,62,0,45,88,102,도심권,노원구
201111200200 ,111251,점검중,-99,PM25,0.039,104,0.02,4,1.3,10,0.005,10,23,47,132,23,102,동북권,강북구
201111301800 ,111273,점검중,80,점검중,0.01,42,0.022,35,점검중,13,0.011,10,28,57,36,92,102,동북권,도봉구
201112180200 ,111201,점검중,-99,PM10,0.04,68,0.036,38,0.8,8,0.006,18,14,86,61,61,104,동남권,관악구
201112251700 ,111191,보통,-99,PM25,0.024,28,0.017,42,0.4,10,0.003,13,23,94,69,54,102,도심권,중랑구
201202020100 ,111274,보통,95,점검중,0.023,93,0.042,57,0.6,10,0.007,8,26,51,45,90,102,서남권,강서구
201202121500 ,111131,점검중,-99,점검중,0.01,58,0.016,56,0.6,8,0.005,8,65,83,60,28,102,서남권,도봉구
201202130100 ,111231,점검중,-99,점검중,0.028,8,,35,0.4,15,0.011,,42,53,21,88,103,서북권,은평구
201202130400 ,111274,점검중,62,점검중,0.019,51,0.016,27,0.4,8,0.003,5,68,58,37,49,102,동북권,구로구
201202180800 ,111231,점검중,55,O3,0.049,33,0.026,31,1,5,0.006,8,40,0,67,77,104,서남권,양천구
201202181500 ,111181,점검중,-99,점검중,0.036,13,0.042,3,1.1,3,0.006,15,32,46,61,67,103,도심권,성동구
201202261400 ,111274,점검중,-99,점검중,0.016,15,0.026,31,0.4,3,0.006,18,40,71,8,68,102,서남권,구로구
201203050400 ,111123,점검중,-99,PM10,0.014,20,0.022,29,0.2,10,0.002,18,60,94,42,14,102,동남권,광진구
201203060300 ,111281,보통,75,PM25,0.046,30,0.021,20,0.3,10,0.006,3,30,58,48,49,101,동남권,강서구
201203190200 ,111261,점검중,74,점검중,0.025,42,0.002,33,0.9,30,0.006,8,31,0,11,83,103,동남권,광진구
201203220400 ,111141,점검중,75,점검중,0.048,50,0.002,21,0.4,10,0.004,13,22,70,23,69,103,동북권,용산구
201203270800 ,111161,보통,-99,점검중,0.009,37,0.022,8,0.4,15,0.01,13,10,179,36,51,104,서남권,구로구
201203291800 ,111191,좋음,-99,점검중,0.034,32,0.031,24,0.3,5,0.003,8,75,47,24,79,102,도심권,성북구
201204120200 ,111311,점검중,87,NO2,0.024,47,0.029,3,0.5,8,0.01,13,36,26,145,67,103,동북권,성북구
201204171400 ,111191,보통,-99,점검중,0.05,28,0.05,48,0.8,23,0.011,13,122,31,61,38,103,동북권,중랑구
201205090000 ,111281,점검중,65,점검중,0.014,38,0.021,23,0.3,20,0.007,8,69,68,59,45,102,동북권,광진구
201205220700 ,111161,보통,-99,O3,0.008,100,0.066,,1,13,0.003,13,35,67,85,81,102,서남권,서대문구
201205240300 ,111221,보통,61,O3,0.012,65,0.036,24,1.1,10,0.005,10,47,91,21,47,104,서북권,강서구
201207030800 ,111281,보통,-99,PM25,0.028,47,0.018,26,0.5,23,0.006,15,19,110,48,10,102,동남권,성북구
201207131500 ,111142,점검중,-99,PM25,0.004,30,0.002,5,0.5,15,0.003,10,39,27,84,42,102,동북권,노원구
201207181200 ,111251,좋음,-99,PM25,0.056,25,0.018,16,0.4,23,0.006,10,27,166,40,38,104,서남권,금천구
201207210800 ,111281,좋음,-99,점검중,0.063,53,0.002,46,0.5,13,0.005,25,18,127,점검중,61,102,동남권,중랑구
201207240100 ,111261,점검중,61,점검중,0.081,45,0.035,41,0.6,8,0.004,10,29,78,82,49,103,도심권,중랑구
201207242300 ,111151,점검중,-99,점검중,0.032,43,0.021,3,0.4,3,0.005,10,40,75,35,63,103,동북권,은평구
201207260600 ,111231,점검중,-99,NO2,0.03,102,0.066,51,0.4,5,0.007,10,65,85,40,51,103,도심권,강서구
201207271700 ,111181,좋음,99,점검중,0.023,56,0.045,58,0.4,8,0.007,10,20,70,8,10,102,서남권,강북구
201207280700 ,111191,보통,78,점검중,0.036,66,0.013,36,0.2,18,0.002,8,28,284,25,64,104,동북권,관악구
201208042300 ,111231,점검중,-99,점검중,0.05,27,0.001,21,0.3,15,0.01,8,38,67,22,44,103,동북권,강동구
201208090200 ,111121,좋음,65,NO2,0.022,30,0.022,,0.9,13,0.004,8,13,17,76,88,103,동북권,강북구
201208171500 ,111273,점검중,-99,O3,0.019,63,0.003,17,0.6,8,0.002,,37,60,237,53,103,동남권,관악구
201208301300 ,111251,점검중,51,점검중,0.019,115,0.043,3,0.3,15,0.002,8,32,78,34,95,103,서남권,관악구
201209022000 ,111201,점검중,55,PM25,0.018,25,0.006,54,0.6,8,0.003,23,39,85,14,55,102,동북권,금천구
201209140200 ,111241,점검중,-99,점검중,0.016,53,0.027,5,0.5,20,0.011,18,35,0,19,74,104,동남권,도봉구
201209221900 ,111181,점검중,-99,점검중,점검중,47,0.009,84,0.4,15,0.004,5,60,112,168,31,103,서남권,도봉구
201209301200 ,111301,점검중,-99,점검중,0.015,73,0.025,40,0.4,13,0.005,10,69,71,26,83,101,동북권,광진구
201210030700 ,111131,보통,-99,점검중,0.028,30,0.043,56,1.1,10,0.003,8,32,31,70,54,104,동북권,양천구
201210101200 ,111201,보통,-99,점검중,0.022,53,0.026,13,0.3,28,0.01,8,30,34,34,80,102,동북권,송파구
201210120800 ,111273,점검중,-99,점검중,0.017,65,0.042,69,0.7,10,0.006,5,3,52,49,92,103,동북권,노원구
201210161300 ,111131,점검중,-99,점검중,0.008,54,0.008,38,0.7,25,0.004,10,35,92,76,54,102,동북권,도봉구
201210220500 ,111152,나쁨,51,NO2,0.03,66,0.023,11,1.3,25,0.007,18,36,80,23,28,103,도심권,구로구
201210241100 ,111191,점검중,-99,O3,0.02,35,0.001,22,1,13,0.006,18,39,87,58,45,104,서남권,노원구
201210282300 ,111241,점검중,-99,NO2,0.057,90,0.006,10,0.3,8,0.005,18,40,73,67,82,102,동남권,강서구
201211172000 ,111241,매우나쁨,-99,점검중,0.029,61,0.02,8,0.5,23,점검중,8,48,27,28,11,102,동북권,노원구
201212011300 ,111121,점검중,69,점검중,0.018,65,0.019,28,0.5,13,0.002,15,52,72,57,81,102,서남권,은평구
201212240000 ,111161,보통,55,PM25,0.03,73,0.027,82,0.2,8,0.003,5,28,89,66,67,104,동북권,송파구
201212310400 ,111161,나쁨,82,점검중,0.018,38,0.011,60,0.7,15,0.003,15,17,121,43,54,101,서북권,도봉구
201301050100 ,111121,점검중,-99,점검중,0.025,38,0.058,15,0.6,10,0.004,15,47,106,59,43,101,동북권,종로구
201301062000 ,111311,점검중,67,NO2,0.042,80,0.016,5,0.4,15,0.005,15,18,57,61,15,103,서남권,광진구
201302012200 ,111251,보통,-99,점검중,0.044,23,0.043,9,0.3,10,0.004,8,10,99,26,42,104,동남권,서초구
201302081800 ,111141,점검중,85,점검중,0.054,22,0.021,8,0.6,8,0.004,8,점검중,100,59,60,103,동북권,중구
201302201000 ,111142,보통,68,O3,0.051,50,0.017,53,0.4,13,0.004,13,64,80,64,67,102,동북권,동작구
201302221000 ,111142,보통,67,점검중,0.044,56,0.045,35,0.2,13,0.002,10,6,32,17,45,101,서북권,마포구
201303080100 ,111273,점검중,61,점검중,0.018,105,0.012,3,0.4,5,0.004,18,18,0,53,42,100,동남권,동작구
201303130400 ,111161,점검중,31,점검중,0.059,54,0.055,23,0.2,13,0.005,8,103,36,30,84,102,동북권,용산구
201305031100 ,111281,점검중,52,O3,0.034,63,0.01,32,0.4,8,0.006,18,116,47,21,52,102,서북권,구로구
201305181300 ,111141,보통,-99,PM25,0.05,20,0.003,27,1.5,10,0.003,18,43,70,37,65,103,동남권,강북구
201305292000 ,111291,점검중,90,PM10,0.035,73,0.024,14,0.7,13,0.003,28,23,27,64,81,102,동북권,중구
201306022000 ,111123,보통,-99,점검중,0.045,66,0.022,33,0.5,30,0.006,5,30,72,75,72,102,동북권,금천구
201306041400 ,111123,점검중,71,PM25,0.016,42,0.017,7,0.3,13,0.006,5,86,87,26,103,101,동남권,금천구
201306201500 ,111273,보통,-99,점검중,0.025,58,0.034,68,0.5,8,0.003,5,23,14,25,87,103,도심권,금천구
201306251500 ,111311,점검중,-99,O3,0.016,75,0.002,5,1.2,13,0.003,10,80,72,55,62,103,서남권,금천구
201306282100 ,111191,점검중,-99,점검중,0.064,100,0.022,22,0.4,15,0.004,10,38,77,28,70,101,서남권,성북구
201307050800 ,111151,점검중,-99,점검중,0.023,83,0.003,24,0.6,13,0.003,13,30,96,59,63,104,동북권,성북구
201307081000 ,111231,좋음,-99,PM25,0.004,18,0.002,21,0.4,8,0.004,13,24,41,42,47,102,동북권,광진구
201307110000 ,111181,점검중,-99,점검중,0.009,35,0.023,25,0.5,25,0.01,8,79,201,34,12,104,동남권,구로구
201307130100 ,111151,좋음,-99,점검중,0.047,75,0.054,3,0.3,25,0.005,13,35,0,30,60,104,서북권,강서구
201307200300 ,111301,좋음,-99,점검중,0.048,50,0.002,6,0.1,15,0.007,5,103,60,8,8,102,서북권,용산구
201307290200 ,111291,보통,-99,점검중,0.014,108,0.053,5,0.5,10,0.016,10,301,39,15,82,104,동북권,종로구
201307311900 ,111191,점검중,65,점검중,0.012,53,0.021,67,0.7,8,0.003,13,160,42,89,50,101,서남권,강북구
201309012200 ,111301,보통,-99,점검중,0.021,86,0.004,61,0.4,10,0.004,8,20,47,56,74,100,도심권,영등포구
201309120600 ,111152,점검중,70,점검중,0.039,73,0.002,52,0.7,10,0.006,13,52,101,46,17,100,동남권,은평구
201309132200 ,111291,점검중,93,O3,0.034,108,0.021,45,0.3,15,점검중,10,25,54,24,45,102,도심권,강남구
201309251200 ,111181,보통,128,점검중,0.066,86,0.002,0,0.7,8,0.007,15,5,78,82,87,102,서남권,동대문구
201310010300 ,111191,점검중,-99,점검중,0.037,121,0.031,50,0.4,10,0.005,18,26,93,60,35,102,동북권,마포구
201310091900 ,111291,보통,-99,NO2,0.035,54,0.003,6,1.2,5,0.002,10,55,61,64,80,102,도심권,동작구
201310092200 ,111131,보통,-99,점검중,0.057,48,0.024,9,0.2,18,0.003,5,점검중,26,71,85,100,동북권,강북구
201310121300 ,111301,점검중,-99,점검중,0.03,12,0.002,17,0.7,28,0.002,10,25,14,4,64,104,도심권,강서구
201310140600 ,111221,점검중,104,NO2,0.052,12,0.022,3,0.4,10,0.004,8,56,61,57,73,102,서남권,마포구
201310220100 ,111151,점검중,-99,O3,0.017,23,0.002,31,0.3,13,0.011,10,54,71,35,87,102,동북권,도봉구
201310230800 ,111123,나쁨,90,점검중,0.092,35,0.002,13,0.6,30,점검중,23,16,74,39,94,104,도심권,은평구
201310260700 ,111262,점검중,-99,O3,0.04,65,0.005,48,1.2,25,0.003,,26,53,22,36,101,동남권,양천구
201311041900 ,111311,점검중,73,점검중,0.034,53,0,33,1,8,0.007,10,56,80,13,62,102,동북권,동작구
201311042100 ,111151,점검중,-99,PM25,0.034,43,,25,0.6,18,0.003,20,45,81,56,57,102,서북권,강서구
201311051300 ,111212,점검중,-99,PM10,0.03,45,0.029,3,0.3,10,0.005,5,7,53,40,84,102,동북권,금천구
201311102200 ,111181,보통,61,PM10,0.006,102,0.02,115,0.4,20,0.003,10,26,52,39,32,103,동남권,서초구
201311131700 ,111274,점검중,63,점검중,0.019,23,0.066,46,0.3,3,0.003,18,35,47,41,90,103,동남권,은평구
201311231800 ,111171,점검중,53,점검중,0.043,33,0.042,3,0.9,8,0.003,,43,55,25,83,102,서남권,양천구
201312161900 ,111311,점검중,-99,O3,0.037,83,0.007,36,0.4,8,0.009,10,점검중,39,13,99,101,서남권,성북구
201312241200 ,111301,점검중,214,점검중,0.032,73,0.006,22,0.7,10,0.005,25,118,39,36,78,103,동남권,영등포구
201401191900 ,111151,점검중,-99,점검중,0.048,65,0.016,71,0.4,8,0.004,3,43,61,33,79,101,서남권,영등포구
201401301700 ,111131,점검중,-99,점검중,0.017,107,0.003,43,0.5,15,0.004,8,25,85,35,40,103,동북권,양천구
201402071300 ,111221,보통,-99,점검중,0.015,56,0.007,19,0.3,18,0.006,8,1,75,38,56,102,동북권,은평구
201402120500 ,111274,점검중,-99,점검중,0.023,33,0.003,3,0.7,35,0.008,10,18,70,40,42,103,동남권,관악구
201402172300 ,111152,점검중,-99,점검중,0.018,75,0.04,3,0.3,10,0.006,15,22,81,46,53,103,서북권,서대문구
201403040400 ,111261,좋음,-99,NO2,0.057,40,0.034,37,0.6,8,0.007,8,36,37,107,84,103,서남권,강북구
201403072300 ,111261,점검중,-99,점검중,0.016,23,0.031,20,0.4,8,0.008,8,21,76,48,59,102,동북권,노원구
201403251100 ,111161,점검중,69,PM25,0.053,27,0.014,21,0.4,8,0.007,8,53,145,42,83,100,도심권,중랑구
201403291300 ,111273,보통,-99,점검중,0.014,22,0.052,55,0.3,10,0.005,13,28,89,63,22,100,서북권,서초구
201404040300 ,111141,나쁨,44,NO2,0.058,97,0.046,29,0.7,3,0.002,13,48,47,37,78,103,동북권,금천구
201405202100 ,111142,점검중,-99,PM10,0.009,43,0.032,59,0.5,18,0.004,10,70,52,76,58,102,서북권,서대문구
201405212300 ,111212,점검중,55,PM25,0.016,88,0.004,31,0.9,5,0.007,15,35,70,19,47,103,동북권,중구
201405231800 ,111212,점검중,-99,점검중,0.048,103,0.018,11,0.8,8,0.007,10,33,87,45,51,100,도심권,강남구
201405281700 ,111261,보통,-99,NO2,0.051,83,0.002,48,0.8,25,0.002,8,50,42,21,74,102,서남권,용산구
201407071200 ,111273,점검중,62,점검중,0.04,54,0.04,48,1.1,8,0.007,5,37,260,66,60,103,서남권,구로구
201407111700 ,111201,점검중,78,PM25,0.007,56,0.014,15,0.3,8,0.006,8,20,47,137,27,102,동남권,마포구
201407120200 ,111142,보통,43,PM25,0.034,25,0.022,8,0.5,10,0.004,8,58,71,30,100,103,동북권,성북구
201407250800 ,111301,점검중,54,점검중,0.037,50,0.047,3,0.4,35,0.006,8,63,101,33,46,102,동북권,광진구
201408052000 ,111231,보통,91,점검중,0.021,40,0.049,23,0.5,13,0.003,13,113,75,47,70,100,동남권,양천구
201408081800 ,111301,점검중,107,PM25,0.028,56,0.103,24,0.5,8,0.005,18,67,49,33,72,101,동북권,관악구
201408082200 ,111191,보통,76,PM10,0.058,83,0.01,10,0.9,10,0.009,13,23,77,42,46,102,동남권,구로구
201408191700 ,111201,좋음,51,O3,0.053,61,0.002,40,0.4,10,0.005,15,178,73,11,51,101,서남권,동대문구
201408232000 ,111311,점검중,-99,점검중,0.015,85,0.002,8,0.6,20,0.003,10,21,71,29,59,102,도심권,구로구
201409120700 ,111262,보통,-99,NO2,0.016,38,0.015,23,0.3,8,0.005,23,143,74,47,79,103,도심권,종로구
201409251600 ,111262,좋음,-99,점검중,0.013,76,0.048,18,0.9,13,0.004,5,43,74,31,35,101,서남권,관악구
201409260700 ,111274,점검중,62,점검중,0.043,35,0.01,38,0.3,10,0.005,13,61,168,24,76,104,동남권,금천구
201409262000 ,111171,점검중,-99,점검중,0.017,32,0.024,12,0.7,8,0.002,13,51,37,56,83,102,동남권,도봉구
201409262000 ,111121,보통,65,점검중,0.02,97,0.016,19,0.3,10,0.008,10,29,36,43,50,103,도심권,영등포구
201410161900 ,111212,점검중,-99,O3,0.026,42,0.007,51,1.6,13,0.002,10,33,71,12,71,104,서남권,관악구
201410180200 ,111212,점검중,-99,O3,0.05,23,0.002,53,0.4,8,0.009,8,22,0,24,24,104,서남권,관악구
201410291800 ,111142,좋음,-99,PM25,0.034,61,0.041,8,0.3,8,0.003,5,29,59,41,84,102,동남권,중랑구
201411010300 ,111311,점검중,81,점검중,0.043,66,,38,0.4,13,0.005,10,24,68,31,60,102,서북권,성동구
201411011000 ,111251,보통,-99,점검중,0.034,30,0.034,3,0.7,10,0.005,13,31,110,9,87,103,서북권,양천구
201411050200 ,111251,점검중,-99,PM10,0.026,37,0.017,24,0.3,13,0.007,5,26,39,44,73,101,서남권,관악구
201412010500 ,111281,보통,-99,PM25,0.025,22,0.035,13,0.6,15,0.006,13,43,54,19,73,103,서북권,성북구
201412032000 ,111141,점검중,113,PM25,0.021,83,0.031,3,0.2,33,0.005,10,24,127,9,49,101,동북권,강남구
201501172300 ,111291,보통,95,PM10,0.034,90,0.003,13,0.2,8,0.008,20,34,74,36,44,102,동남권,성북구
201501230300 ,111152,점검중,185,O3,0.035,48,0.015,55,0.3,15,0.003,10,77,86,20,66,100,도심권,관악구
201501240500 ,111301,매우나쁨,-99,NO2,0.037,32,0.015,5,0.4,13,0.007,25,52,184,54,87,101,동북권,동대문구
201502031400 ,111262,점검중,62,PM25,0.04,53,0.034,38,0.1,25,0.005,18,96,91,61,48,103,동북권,동작구
201503010300 ,111231,나쁨,-99,NO2,0.05,45,0.031,97,0.5,18,0.01,10,58,112,38,53,104,서북권,광진구
201503170600 ,111152,점검중,87,점검중,0.027,45,0.032,11,0.4,15,0.003,8,25,101,37,73,100,서남권,강동구
201503190900 ,111241,점검중,-99,점검중,0.063,58,0.013,5,0.4,38,0.003,10,15,71,69,61,102,서남권,성동구
201503201900 ,111231,보통,-99,점검중,0.026,25,0.048,38,0.7,30,0.003,8,30,132,17,72,102,서북권,양천구
201503222200 ,111251,점검중,-99,PM10,0.017,33,0.007,3,0.7,10,0.005,25,점검중,75,49,97,104,서북권,성북구
201504022200 ,111261,점검중,-99,PM25,0.034,61,0.075,25,0.4,8,0.006,10,41,190,28,40,103,동북권,중구
201504031500 ,111152,보통,39,PM25,0.018,32,0.003,48,0.2,10,0.006,13,57,16,12,56,104,서북권,서초구
201504062300 ,111212,보통,-99,점검중,0.03,45,0.013,37,1.1,28,0.002,15,69,51,16,86,102,서북권,구로구
201504100500 ,111212,보통,-99,PM25,0.032,38,0.003,62,0.5,15,0.004,13,56,92,25,36,102,도심권,영등포구
201505021700 ,111301,보통,-99,점검중,0.016,93,0.009,22,0.5,15,0.004,13,65,106,4,83,103,동북권,양천구
201505171900 ,111261,보통,91,점검중,0.041,78,0.052,,1.4,10,0.004,,51,121,41,81,104,도심권,광진구
201505210600 ,111281,좋음,-99,점검중,0.034,30,0.039,8,0.6,15,0.004,15,31,73,17,38,102,동남권,성동구
201505252300 ,111281,보통,65,점검중,0.042,56,0.016,42,0.5,10,0.003,8,30,79,26,47,102,도심권,동대문구
201505261800 ,111281,점검중,61,점검중,0.008,20,0.02,59,0.2,13,0.004,8,점검중,184,47,71,100,동북권,강서구
201505310800 ,111291,보통,-99,점검중,0.016,33,,5,1.2,25,0.002,8,35,55,58,55,102,동북권,종로구
201506010000 ,111141,점검중,47,점검중,0.028,66,0.038,2,0.5,10,0.002,13,34,21,26,51,100,동북권,강서구
201506112200 ,111231,점검중,56,PM10,0.02,95,0.026,10,0.5,5,0.006,5,13,37,27,72,104,도심권,서대문구
201506130800 ,111311,점검중,56,PM10,0.063,48,0.05,60,0.5,10,0.002,10,85,52,89,53,104,동북권,용산구
201506131900 ,111191,매우나쁨,-99,점검중,0.01,30,0.009,5,1,18,0.007,5,60,21,53,59,104,동북권,동대문구
201507171100 ,111121,좋음,-99,점검중,0.02,48,0.027,11,1,8,0.007,18,51,47,77,73,104,서북권,구로구
201507210300 ,111281,보통,47,점검중,0.042,25,0.041,27,0.6,8,0.008,15,32,86,48,15,100,동남권,중랑구
201507260600 ,111241,보통,-99,점검중,0.027,30,0.027,18,0.4,15,0.002,8,32,54,33,58,102,서남권,관악구
201507290200 ,111121,점검중,-99,점검중,0.031,40,0.012,53,0.4,15,0.012,10,35,68,107,68,104,동남권,서초구
201508090400 ,111281,보통,88,점검중,0.047,20,0.091,20,0.6,8,0.006,10,30,65,89,52,100,동남권,은평구
201508142300 ,111171,보통,66,PM25,0.015,56,0.016,68,0.3,8,0.007,13,38,270,17,53,103,서남권,성북구
201508291800 ,111281,점검중,-99,점검중,0.082,76,0.112,23,0.3,8,0.004,15,47,44,27,93,104,동북권,성북구
201508301100 ,111311,점검중,66,PM10,0.049,61,0.03,40,0.3,5,0.004,10,22,42,104,68,100,동남권,서대문구
201509110400 ,111191,점검중,58,점검중,0.018,66,0.052,43,0.4,8,0.003,25,22,79,54,82,101,도심권,중랑구
201510021600 ,111251,점검중,75,점검중,0.026,75,0.034,27,0.3,8,0.012,18,43,81,54,51,100,동북권,종로구
201510121200 ,111121,보통,46,PM10,0.014,98,0.037,15,0.5,10,0.003,8,39,91,61,88,100,서북권,중구
201510140300 ,111261,점검중,75,PM25,0.026,63,0.016,13,0.3,8,0.003,5,27,123,28,58,104,동북권,마포구
201511121200 ,111241,점검중,103,점검중,0.026,75,0.015,28,0.4,8,0.004,23,92,31,108,86,104,서남권,중구
201511202100 ,111291,점검중,-99,NO2,0.008,27,0.037,20,0.2,5,0.005,13,19,66,74,62,102,서남권,강서구
201511261500 ,111281,보통,-99,점검중,0.027,50,0.008,34,0.4,15,0.005,13,59,82,65,47,101,서북권,영등포구
201512090700 ,111123,점검중,69,NO2,0.02,102,0.021,4,0.4,10,0.004,10,21,63,17,19,103,동북권,관악구
201512100100 ,111251,점검중,312,점검중,0.01,104,0.001,5,0.8,5,0.003,10,55,34,37,46,100,서남권,은평구
201512110700 ,111231,나쁨,64,점검중,0.014,71,0.003,18,0.4,8,0.004,8,50,34,47,62,102,도심권,성동구
201512121000 ,111131,점검중,-99,PM25,0.025,28,0.067,25,0.4,18,0.003,23,49,88,16,79,101,동북권,강서구
201512202000 ,111251,보통,-99,점검중,0.01,93,0.068,40,0.3,8,0.002,18,211,97,33,84,100,서남권,금천구
201512271200 ,111262,보통,-99,NO2,0.034,32,0.018,3,0.4,8,0.003,15,47,171,55,67,103,동북권,강동구
201601012200 ,111161,보통,-99,NO2,0.032,59,0.023,23,0.5,8,0.004,5,84,93,59,99,102,서북권,금천구
201601081500 ,111231,보통,173,점검중,0.009,81,0.02,73,0.3,18,0.004,20,45,46,29,13,102,동북권,종로구
201601081900 ,111191,점검중,-99,점검중,0.022,86,0.014,26,0.4,10,0.004,10,22,81,38,53,104,동북권,은평구
201601221200 ,111291,점검중,-99,점검중,0.025,58,0,76,0.7,8,0.004,15,18,97,60,64,102,서남권,구로구
201601282300 ,111142,점검중,85,PM25,0.028,32,0.042,15,0.3,13,0.006,13,339,46,25,50,101,도심권,강북구
201602050700 ,111123,보통,70,점검중,0.036,54,0.035,22,0.6,13,0.006,8,32,64,29,58,103,동북권,강북구
201602270700 ,111231,나쁨,55,점검중,0.011,32,0.036,80,0.4,10,0.003,15,122,84,25,56,102,서북권,성북구
201603020800 ,111181,점검중,-99,NO2,0.014,23,0.054,6,2.3,18,0.004,5,36,104,61,53,102,동북권,중구
201603180100 ,111161,점검중,58,점검중,0.035,51,0.005,4,0.5,,0.003,8,점검중,58,47,83,103,서남권,은평구
201603221100 ,111281,점검중,195,PM10,0.049,103,0.001,23,1.4,10,0.003,13,28,96,46,45,102,도심권,구로구
201603300600 ,111251,점검중,75,PM25,0.012,23,0.007,33,점검중,8,0.005,5,93,42,29,51,102,서남권,성동구
201603301000 ,111231,점검중,-99,점검중,0.049,61,0.058,5,0.5,13,0.006,10,37,68,60,63,103,동북권,광진구
201604011500 ,111151,점검중,47,점검중,0.03,47,0.048,5,0.2,28,0.008,13,57,51,38,74,103,동북권,노원구
201604031000 ,111131,점검중,60,점검중,0.03,73,0.02,6,0.3,8,0.004,15,24,27,26,40,102,서북권,마포구
201604061200 ,111161,보통,76,점검중,0.038,27,0.012,48,0.6,20,0.006,13,36,69,55,52,104,동남권,강북구
201604072200 ,111181,보통,83,점검중,0.055,51,0.033,59,0.2,30,점검중,10,51,76,31,60,104,동북권,중랑구
201604172300 ,111281,점검중,55,점검중,0.057,50,0.011,45,0.7,23,0.004,5,93,27,29,19,100,동남권,강남구
201604182200 ,111281,점검중,-99,점검중,0.017,23,0.012,33,1,8,0.004,8,31,78,21,70,102,도심권,중랑구
201604191300 ,111171,점검중,-99,NO2,0.046,97,0.007,4,0.4,13,0.01,5,43,71,33,83,101,서북권,용산구
201604251300 ,111121,점검중,-99,점검중,0.012,20,0.012,65,1.1,8,0.003,20,74,51,48,56,101,서남권,동대문구
201604301800 ,111261,보통,54,점검중,0.015,27,0.007,50,0.4,13,0.004,15,22,81,139,61,104,동남권,강북구
201605181000 ,111212,점검중,-99,점검중,0.026,78,0.003,12,1.5,8,0.006,10,16,42,63,18,101,도심권,광진구
201605310600 ,111181,보통,47,PM25,0.068,33,0.001,56,0.7,13,0.003,15,61,67,67,41,104,도심권,강동구
201606210800 ,111262,보통,131,점검중,0.06,42,0.024,34,0.4,15,0.007,35,52,62,69,66,104,도심권,은평구
201606221900 ,111274,점검중,78,점검중,0.059,76,0.008,28,0.6,8,0.004,10,38,265,56,43,100,동북권,중구
201607070900 ,111262,나쁨,36,점검중,0.04,45,0.003,72,0.4,25,0.004,13,37,26,20,77,102,동북권,성북구
201607140300 ,111151,점검중,-99,점검중,0.076,53,0.02,23,0.5,5,0.01,8,40,51,43,73,103,동북권,용산구
201607161900 ,111301,점검중,-99,점검중,0.032,76,0.016,19,0.9,13,0.004,8,149,0,41,28,102,동남권,구로구
201607181700 ,111212,좋음,-99,점검중,0.055,35,0.092,5,0.3,20,0.008,15,30,80,76,57,102,동남권,구로구
201607281700 ,111131,점검중,103,NO2,0.021,92,0.003,34,0.1,8,0.007,18,44,46,18,79,104,서남권,마포구
201608050400 ,111142,점검중,-99,O3,0.011,51,0.026,33,0.6,10,0.005,20,64,56,86,45,103,동북권,영등포구
201608050900 ,111151,좋음,312,PM10,0.029,27,0.007,45,0.6,13,0.004,18,37,78,55,96,104,동남권,서대문구
201609050200 ,111141,보통,-99,PM10,0.021,111,0.042,1,0.7,,0.005,5,17,94,46,16,103,서남권,강남구
201609070300 ,111123,점검중,59,NO2,0.041,17,0.021,55,0.7,23,0.011,10,62,39,10,80,100,서남권,동대문구
201609120500 ,111121,좋음,-99,점검중,0.018,33,0.016,13,0.4,8,0.002,13,41,58,41,50,103,서북권,서초구
201609171400 ,111261,보통,170,PM25,0.072,85,0.005,5,0.3,5,0.006,10,30,84,44,68,103,동남권,노원구
201609251400 ,111181,점검중,58,점검중,0.038,13,0.056,55,0.4,5,0.004,10,53,63,12,77,103,도심권,영등포구
201609271200 ,111301,좋음,-99,PM25,0.035,22,0.029,18,0.5,18,0.003,13,77,88,41,73,100,서북권,중랑구
201610030100 ,111274,점검중,-99,O3,0.07,43,0.002,92,0.2,23,0.007,10,50,54,37,32,103,동남권,성동구
201610080300 ,111311,보통,-99,점검중,0.02,28,0.029,5,1,38,0.002,13,37,80,35,74,103,서남권,양천구
201610141300 ,111212,점검중,-99,점검중,0.008,47,0.042,16,0.6,5,0.003,8,58,108,89,66,101,서남권,성동구
201610261000 ,111141,보통,-99,점검중,0.009,35,0.038,25,0.2,8,0.004,10,38,62,40,4,103,동북권,강동구
201611071400 ,111291,점검중,-99,O3,0.046,50,0.057,6,0.2,8,0.007,5,39,76,61,79,103,서남권,마포구
201611101500 ,111142,보통,-99,O3,0.02,93,0.018,34,0.7,13,0.003,3,49,58,51,40,102,동북권,강남구
201611130800 ,111281,보통,-99,O3,0.044,28,,55,0.7,18,0.003,18,3,77,43,69,102,서북권,마포구
201611181000 ,111281,보통,-99,NO2,0.021,71,0.005,38,0.9,8,0.006,8,37,99,67,98,102,동북권,광진구
201611291600 ,111301,점검중,-99,점검중,0.027,80,0.028,82,0.7,10,0.004,15,94,39,12,44,103,도심권,영등포구
201612180900 ,111161,보통,101,점검중,0.006,38,0.039,13,0.5,18,0.003,18,21,80,24,28,103,도심권,종로구
201612240200 ,111212,점검중,-99,PM10,0.027,32,0.068,1,0.5,15,0.006,15,66,65,18,57,101,서남권,금천구
201612250700 ,111212,보통,85,점검중,0.024,38,0.026,43,0.3,20,0.003,10,265,72,55,47,102,서북권,은평구
201701231000 ,111142,점검중,84,점검중,0.042,37,0.02,55,0.5,10,0.002,10,22,101,13,93,102,동북권,중구
201702041300 ,111151,점검중,-99,점검중,0.03,88,0.015,3,1,10,0.005,18,129,76,61,32,104,서남권,송파구
201702041500 ,111311,점검중,99,점검중,0.023,,0.028,38,0.1,13,0.004,10,30,75,38,52,102,서북권,구로구
201702150200 ,111273,점검중,-99,점검중,0.031,18,0.02,91,0.4,10,0.005,10,60,81,29,3,103,동북권,은평구
201702190400 ,111171,보통,-99,NO2,0.021,90,0.036,13,0.1,8,0.005,20,54,0,10,72,101,동북권,서대문구
201703240100 ,111212,점검중,290,점검중,0.044,42,0.038,14,0.5,8,0.013,23,28,79,10,52,100,서남권,서초구
201703292000 ,111201,보통,-99,점검중,0.035,93,0.02,11,0.5,25,0.004,3,5,31,122,49,103,서남권,중랑구
201704102300 ,111261,점검중,71,O3,0.026,17,0.038,15,0.3,15,0.004,13,92,26,60,1,102,동북권,금천구
201704222300 ,111142,나쁨,-99,O3,0.031,,0.004,22,0.7,15,0.002,25,27,114,31,32,102,서남권,강남구
201704280900 ,111121,점검중,81,점검중,0.042,45,0.004,14,0.5,8,0.006,13,22,130,38,46,104,동북권,은평구
201705091500 ,111152,보통,96,점검중,0.011,51,0.006,12,0.5,10,0.004,15,점검중,42,18,44,102,동북권,양천구
201705131700 ,111311,점검중,-99,점검중,0.016,18,0.016,33,0.4,18,0.004,20,32,47,27,1,102,서북권,중구
201705281400 ,111281,점검중,-99,O3,0.05,47,0.013,13,0.3,20,0.004,5,34,76,점검중,62,103,동남권,양천구
201706101900 ,111131,점검중,-99,PM10,0.047,20,0.012,3,0.6,10,0.004,,77,130,29,79,103,서북권,영등포구
201707072200 ,111201,점검중,76,PM25,0.036,10,0.031,1,0.4,8,0.008,8,39,27,126,80,103,도심권,강남구
201707112300 ,111274,나쁨,66,점검중,0.047,32,0.038,,0.6,5,0.004,5,120,97,106,53,104,동북권,서대문구
201707171600 ,111221,보통,85,점검중,0.028,66,0.012,5,0.3,20,0.005,10,28,80,36,84,102,서북권,광진구
201707180300 ,111151,점검중,97,점검중,0.013,80,0.01,20,1.1,13,0.006,5,120,110,14,55,104,서남권,금천구
201707281000 ,111251,점검중,-99,NO2,0.059,45,0.019,3,0.4,13,0.004,10,47,79,45,15,103,동북권,영등포구
201709042100 ,111311,점검중,55,점검중,0.014,45,0.009,42,0.2,18,0.002,18,52,69,46,3,101,동북권,성동구
201709051600 ,111291,보통,65,점검중,0.025,32,,25,0.5,13,0.002,8,53,52,점검중,55,103,도심권,종로구
201710090800 ,111201,보통,-99,점검중,0.039,40,0.006,60,0.4,10,0.005,10,8,17,25,90,102,동남권,영등포구
201710111200 ,111191,점검중,-99,점검중,0.008,48,0.017,41,0.7,5,0.005,13,점검중,114,55,6,100,동남권,성북구
201711041000 ,111191,점검중,-99,PM25,0.044,,0,48,0.3,8,0.007,15,49,91,47,97,102,동북권,송파구
201711150000 ,111221,보통,-99,점검중,0.029,90,0.002,25,0.5,10,0.008,15,53,46,40,86,102,서북권,서초구
201711231200 ,111241,보통,44,점검중,0.074,38,0.067,42,0.7,18,0.004,8,57,94,19,63,101,동남권,광진구
201711250800 ,111161,보통,-99,NO2,0.056,23,0.023,70,0.4,13,0.002,20,7,67,9,91,104,동북권,구로구
201712030000 ,111201,점검중,-99,NO2,0.054,56,0.03,59,점검중,15,0.004,20,37,68,36,73,102,동북권,금천구
201712030700 ,111131,보통,68,점검중,0.046,101,0.004,23,0.4,18,0.003,,52,51,20,43,102,동북권,마포구
201712031400 ,111291,점검중,-99,NO2,0.015,63,0.002,52,0.6,15,0.006,5,28,88,12,88,102,서남권,서대문구
201712150000 ,111241,점검중,31,O3,0.015,13,0.079,31,0.6,8,0.005,18,85,58,51,33,102,서남권,광진구
201712190200 ,111141,점검중,72,점검중,0.069,102,0.005,1,0.8,,0.005,18,29,42,47,26,102,동북권,노원구
201712271700 ,111191,점검중,-99,NO2,0.009,102,,15,0.5,8,0.004,15,27,81,39,96,100,서북권,송파구
201801050900 ,111311,점검중,-99,점검중,0.034,66,0.022,35,0.4,8,0.007,15,58,71,37,62,104,서북권,성북구
201801051700 ,111131,좋음,73,점검중,0.024,51,0.019,,0.3,10,0.004,13,41,77,139,51,102,서남권,광진구
201801052100 ,111241,보통,87,점검중,0.041,27,0.009,75,0.2,18,0.002,10,27,79,55,28,103,동남권,강서구
201801151100 ,111212,보통,-99,O3,0.03,48,0.034,41,0.3,13,0.005,13,7,82,44,68,102,동북권,성북구
201801302300 ,111212,점검중,-99,점검중,0.038,17,0.009,8,0.4,13,0.005,8,1001,90,90,83,100,동남권,노원구
201802261200 ,111311,점검중,-99,PM25,0.041,76,0.007,42,0.2,13,0.003,10,42,123,44,77,102,동북권,광진구
201803130800 ,111141,점검중,97,점검중,0.057,40,0.002,4,0.4,13,0.003,10,점검중,46,45,52,100,동남권,도봉구
201803221000 ,111251,보통,61,PM25,0.045,80,,3,0.5,15,0.004,10,12,37,40,58,102,서북권,서대문구
201803230600 ,111262,매우나쁨,63,점검중,0.017,109,0.021,33,0.5,8,0.004,20,35,21,29,1,102,서북권,강동구
201803272000 ,111152,보통,190,점검중,0.013,76,0.008,5,0.3,33,0.003,13,23,29,12,79,104,도심권,영등포구
201804042200 ,111301,나쁨,-99,NO2,0.024,47,0.06,3,점검중,13,0.007,10,35,82,38,74,104,동남권,강동구
201804071200 ,111262,보통,34,점검중,0.022,18,0.019,3,0.5,13,0.007,18,38,22,35,61,102,동남권,양천구
201804151400 ,111273,점검중,93,PM10,0.035,81,0.013,4,0.3,13,0.005,10,76,94,54,73,102,도심권,은평구
201805022200 ,111262,점검중,-99,점검중,0.067,63,0.007,13,0.4,13,0.003,15,24,72,35,69,104,도심권,서대문구
201805160900 ,111121,점검중,72,PM25,0.024,63,0.028,,0.9,23,0.006,10,17,49,21,42,104,동북권,서대문구
201805170500 ,111121,점검중,-99,O3,0.027,101,0.016,13,0.3,18,0.004,20,38,55,51,64,103,서남권,동대문구
201805290000 ,111241,점검중,81,점검중,0.044,32,0.041,59,0.5,25,0.006,13,28,17,16,63,100,도심권,서초구
201806130600 ,111251,보통,-99,NO2,0.027,17,0.028,7,점검중,15,0.006,15,22,205,25,79,101,서남권,강남구
201806271900 ,111123,점검중,-99,점검중,0.027,33,0.053,38,0.5,13,0.002,5,79,37,49,67,100,서남권,강남구
201807090400 ,111261,보통,236,O3,0.017,65,0.011,13,0.3,10,0.004,20,22,0,41,64,100,동북권,구로구
201807140300 ,111201,점검중,66,점검중,0.006,,0.035,3,0.7,10,0.006,10,50,153,47,10,103,서남권,구로구
201808061000 ,111171,점검중,-99,PM10,0.062,13,0.025,46,0.4,,0.006,8,47,58,36,35,104,동북권,성동구
201808151200 ,111251,점검중,-99,O3,0.058,58,0.003,11,0.4,10,0.004,10,69,78,28,38,102,서남권,송파구
201808151600 ,111231,보통,61,점검중,0.051,35,0.03,83,0.4,8,0.005,15,29,147,55,90,104,서남권,성동구
201808211100 ,111123,좋음,-99,PM10,0.034,43,0,13,0.7,20,0.003,15,83,80,20,1,102,동북권,용산구
201808221900 ,111171,점검중,173,점검중,0.017,68,0.072,8,0.8,5,0.005,8,42,82,64,51,104,도심권,중구
201809062000 ,111301,보통,75,점검중,0.037,10,0.002,47,0.3,30,0.01,10,24,52,42,62,103,동북권,서대문구
201809090600 ,111212,점검중,-99,PM25,0.04,20,0.003,33,0.7,10,0.007,13,115,77,18,36,104,서남권,양천구
201809151300 ,111142,보통,61,O3,점검중,58,0.006,43,0.4,13,0.007,,46,80,78,79,104,동남권,구로구
201809160000 ,111261,보통,83,PM10,0.028,28,0.024,1,0.2,8,0.003,8,47,76,53,62,103,동북권,도봉구
201811220600 ,111151,보통,53,O3,0.017,33,0.041,46,0.2,8,0.006,15,56,71,53,79,103,서남권,강남구
201811232100 ,111201,점검중,82,점검중,0.046,47,0.055,85,0.3,10,0.002,10,26,46,60,60,102,동북권,서대문구
201811250200 ,111241,보통,51,PM10,0.038,66,0.03,8,0.2,20,0.003,18,49,83,122,62,102,동북권,도봉구
201812060400 ,111141,점검중,-99,점검중,0.051,54,0.051,50,0.5,10,0.007,13,52,83,37,53,101,서북권,성동구
201812091600 ,111273,점검중,-99,PM25,0.021,38,0.022,19,0.4,,0.003,10,25,112,20,46,103,서남권,관악구
201812101300 ,111301,점검중,95,NO2,점검중,53,0.036,3,0.3,13,0.004,10,57,37,10,101,100,서남권,중랑구
201812120600 ,111152,보통,-99,점검중,0.023,20,0.012,38,0.4,13,0.004,10,60,119,점검중,34,102,도심권,구로구
201901171000 ,111151,점검중,160,점검중,0.032,51,0.025,91,0.6,8,0.003,10,48,47,12,38,102,서남권,강북구
201901311100 ,111123,좋음,52,PM25,0.033,32,0.004,63,0.8,18,0.008,8,4,39,53,38,101,서남권,양천구
201902071800 ,111142,점검중,39,PM10,0.041,59,0.012,5,1,5,0.003,28,21,86,점검중,63,100,서남권,노원구
201902081200 ,111142,점검중,-99,점검중,0.014,37,0.086,3,0.4,10,0.002,8,97,130,46,54,102,서남권,강동구
201903090600 ,111201,점검중,-99,점검중,0.024,37,0.002,13,0.8,15,0.008,15,18,91,21,44,103,동북권,영등포구
201903131500 ,111291,점검중,-99,점검중,0.012,65,0.04,8,1.2,5,0.003,,66,9,86,58,102,동남권,동대문구
201903221200 ,111151,나쁨,-99,점검중,0.051,47,0.031,21,0.7,13,0.005,10,29,123,32,38,103,동북권,동작구
201903261100 ,111273,점검중,60,점검중,0.013,78,0.009,25,0.4,10,0.005,13,7,95,14,64,102,동북권,중구
201903280700 ,111171,보통,82,PM25,0.065,30,0.013,41,0.4,8,0.008,38,49,0,115,81,100,서북권,중구
201903281900 ,111311,보통,-99,점검중,0.046,50,0.028,1,0.4,10,0.008,15,56,55,63,52,101,서남권,서초구
201904021000 ,111301,점검중,-99,PM25,0.056,27,0.041,40,0.3,5,0.007,5,48,31,20,89,103,동북권,노원구
201904070100 ,111191,점검중,51,점검중,0.018,107,0.018,18,0.3,18,0.004,15,50,31,40,63,103,도심권,도봉구
201904170300 ,111301,나쁨,67,점검중,0.011,61,0.024,3,0.3,20,0.003,8,48,106,65,57,103,동북권,도봉구
201904272100 ,111141,점검중,125,PM10,0.023,47,0.003,4,0.7,8,0.004,8,38,207,50,95,104,도심권,중랑구
201904281600 ,111201,보통,-99,점검중,0.038,5,0.045,12,0.4,10,0.002,10,18,69,50,65,102,동북권,동작구
201904300200 ,111241,보통,58,점검중,0.013,35,0.049,11,0.4,13,0.005,8,82,71,56,62,103,서북권,용산구
201904301600 ,111311,점검중,-99,점검중,0.018,28,0.003,5,0.4,8,0.004,10,12,85,52,38,103,서남권,서대문구
201905111700 ,111301,보통,-99,O3,0.035,25,0.033,4,0.4,15,0.006,10,7,251,30,62,100,도심권,종로구
201905150400 ,111171,점검중,-99,점검중,0.046,25,0.002,26,0.6,13,0.009,10,44,49,11,71,103,서남권,강북구
201905161400 ,111221,점검중,-99,점검중,0.017,25,0.037,82,0.4,15,0.006,10,30,92,39,53,103,동북권,도봉구
201905241100 ,111291,보통,-99,점검중,0.03,12,0.005,15,0.6,5,0.005,13,31,36,66,72,102,서남권,동대문구
201905312100 ,111273,보통,-99,점검중,0.022,22,0.012,36,0.5,18,0.004,10,88,81,41,55,101,도심권,은평구
201906041600 ,111231,보통,-99,PM10,0.014,38,0.028,29,0.4,8,0.005,15,73,76,31,42,100,서남권,노원구
201906120800 ,111231,보통,-99,점검중,0.026,50,0.002,14,0.3,20,0.003,10,17,93,19,55,103,서북권,은평구
201906190900 ,111274,점검중,106,점검중,0.008,22,0.026,30,0.4,8,0.007,10,27,57,76,58,103,서남권,용산구
201906241600 ,111181,점검중,-99,점검중,0.01,58,0.009,30,0.3,10,0.004,10,33,76,41,38,103,서남권,중구
201907010300 ,111123,보통,-99,점검중,0.02,54,0.005,88,0.5,10,0.003,8,27,97,21,89,101,도심권,용산구
201907120300 ,111161,점검중,-99,O3,0.019,40,0.035,48,0.3,10,0.005,13,36,96,80,62,103,동북권,강서구
201907171500 ,111142,보통,-99,점검중,0.049,92,0.011,3,0.5,10,0.005,8,25,32,41,38,102,도심권,성북구
201907190200 ,111231,보통,-99,점검중,0.014,85,0.032,3,1.1,,0.002,10,71,26,50,46,102,서북권,양천구
201907232100 ,111181,보통,-99,점검중,0.036,59,0.046,30,0.3,18,0.002,15,점검중,68,22,76,104,동남권,영등포구
201907301700 ,111301,점검중,-99,점검중,0.049,76,0.041,48,2,10,0.011,25,28,57,40,87,100,도심권,송파구
201908021000 ,111212,보통,147,점검중,점검중,27,0.026,40,0.8,13,0.003,15,44,209,66,75,103,서북권,영등포구
201908071100 ,111241,점검중,-99,점검중,0.02,47,0.002,22,0.9,3,0.005,5,10,96,88,35,104,도심권,강동구
201908101100 ,111201,점검중,56,점검중,0.028,25,0.003,42,0.7,8,0.007,28,11,55,67,82,102,동북권,용산구
201908151300 ,111273,보통,39,점검중,0.019,33,0.002,48,0.5,15,0.005,8,23,41,28,66,103,동북권,성북구
201908181000 ,111181,점검중,197,점검중,점검중,70,0.019,12,1.1,13,0.005,10,30,53,35,58,102,동북권,노원구
201908181300 ,111121,점검중,59,NO2,0.011,103,0.057,6,0.4,15,0.003,8,점검중,67,34,43,102,도심권,강북구
201908290200 ,111274,점검중,52,점검중,0.023,32,0.067,13,0.6,10,0.009,20,28,99,23,44,103,서북권,중랑구
201909230800 ,111152,보통,-99,PM10,0.044,88,0.014,35,0.7,18,점검중,,35,65,36,74,103,서남권,관악구
201909240200 ,111262,점검중,32,점검중,0.023,88,0.083,70,0.3,13,0.003,5,44,14,17,98,101,서남권,마포구
201909241100 ,111262,보통,-99,점검중,0.024,43,0.016,8,0.5,,0.003,10,38,63,89,86,104,동남권,성북구
201909280000 ,111262,보통,-99,점검중,0.041,61,0.036,,0.2,15,점검중,10,23,83,32,65,103,동남권,구로구
201909291500 ,111301,점검중,-99,점검중,0.033,42,0.017,54,0.2,13,0.009,10,40,57,27,60,100,서남권,서대문구
201909292200 ,111151,좋음,76,점검중,0.034,20,0.027,3,0.5,8,0.009,13,12,121,24,100,102,서북권,서대문구
201910121700 ,111261,보통,-99,점검중,0.037,75,0.05,27,0.3,10,0.004,15,42,26,27,70,100,서북권,양천구
201911151600 ,111273,나쁨,99,NO2,0.029,70,0.039,68,0.2,8,0.006,5,50,42,32,55,103,동남권,영등포구
201911191200 ,111121,점검중,87,PM25,0.045,83,0.026,47,0.4,10,0.005,,29,76,59,42,102,서남권,노원구
201911230000 ,111212,점검중,51,점검중,0.016,47,0.03,,0.4,15,0.005,18,40,65,27,70,103,서남권,동작구
201912200300 ,111281,점검중,-99,점검중,0.012,22,0.007,15,0.4,10,0.008,10,17,209,31,72,102,동북권,강동구
201912282300 ,111181,보통,42,점검중,0.027,32,0.005,51,0.8,18,0.002,13,26,70,4,30,104,동북권,용산구
202001261000 ,111281,보통,-99,점검중,0.032,27,0.014,42,1,13,0.006,10,38,84,45,7,102,동남권,서대문구
202001300600 ,111301,점검중,78,점검중,0.031,23,0.017,,0.7,15,0.003,15,12,42,45,95,103,동북권,중구
202002030700 ,111311,나쁨,58,점검중,0.009,22,0.012,52,0.5,13,0.006,8,46,34,87,42,104,서남권,중랑구
202002040900 ,111281,보통,-99,점검중,0.019,81,0.039,22,0.3,18,0.005,5,52,89,62,67,103,서남권,금천구
202002090200 ,111261,점검중,-99,PM10,0.016,25,0.055,65,2.1,10,0.009,18,11,104,26,38,103,동북권,성북구
202002241600 ,111151,보통,-99,점검중,0.053,15,0.007,8,0.5,,0.005,15,97,136,29,25,102,서북권,마포구
202003042200 ,111281,점검중,94,PM10,0.039,83,0.017,78,0.7,10,점검중,10,107,17,62,62,101,동북권,성동구
202003132200 ,111291,점검중,-99,O3,0.022,59,0.005,13,0.2,10,0.011,10,66,27,66,36,104,서남권,광진구
202003241900 ,111152,보통,175,PM25,0.064,95,0.042,13,0.3,5,0.006,8,169,31,50,86,102,동북권,강북구
202004160700 ,111141,점검중,55,PM10,0.008,48,0.013,40,0.6,13,0.003,5,점검중,65,57,65,103,동북권,양천구
202004181700 ,111212,점검중,61,점검중,0.043,110,0.013,5,0.7,15,0.006,20,168,119,39,44,102,동북권,광진구
202004261300 ,111291,보통,79,점검중,0.025,23,0.044,36,0.6,28,0.003,10,45,140,46,9,103,도심권,강동구
202005031400 ,111262,점검중,52,점검중,0.025,28,0.032,3,0.8,5,0.003,8,22,60,56,40,103,서남권,용산구
202005041600 ,111131,점검중,-99,NO2,0.03,51,0.044,2,0.4,10,0.003,8,9,21,7,82,104,서북권,서대문구
202005140500 ,111281,보통,113,점검중,0.049,23,0.016,11,0.4,13,0.003,18,41,26,28,77,102,서남권,강북구
202006061600 ,111301,점검중,-99,점검중,0.046,35,0.026,,0.6,5,0.006,8,62,62,67,49,102,동북권,강북구
202006091600 ,111142,점검중,61,점검중,0.065,80,0.026,42,0.5,15,0.005,10,30,37,25,64,103,도심권,광진구
202006121700 ,111161,점검중,362,점검중,0.021,20,0.03,51,1,18,0.003,15,54,51,30,51,102,서남권,동작구
202006130300 ,111241,점검중,31,점검중,0.009,47,0.01,40,0.5,10,0.008,25,49,96,68,38,102,도심권,은평구
202007151000 ,111311,점검중,-99,NO2,0.019,68,0.009,61,0.4,10,0.023,5,10,77,73,46,103,동북권,성동구
202007171800 ,111191,점검중,-99,PM25,0.048,66,0.038,20,0.5,20,0.004,10,22,235,29,42,100,서남권,영등포구
202008020400 ,111212,점검중,-99,PM25,0.029,35,0.005,10,0.4,13,0.004,15,12,64,26,83,102,동북권,중구
202008182000 ,111274,점검중,-99,NO2,0.02,22,0.006,53,0.8,10,0.005,23,26,71,21,41,102,동북권,영등포구
202008200500 ,111261,점검중,-99,PM10,0.034,51,0,12,0.4,8,0.007,5,21,55,83,55,101,서남권,광진구
202009061100 ,111273,점검중,-99,점검중,0.11,12,0.01,33,0.4,10,0.006,13,5,78,11,60,102,서남권,구로구
202009110800 ,111151,보통,205,점검중,0.015,106,0.029,36,0.8,18,0.005,8,88,66,11,37,102,동북권,양천구
202010040400 ,111171,점검중,-99,점검중,0.04,23,0.035,24,2.3,8,0.006,8,35,12,42,68,102,동북권,강동구
202010122100 ,111171,보통,73,점검중,0.038,23,0.017,28,0.4,20,0.007,10,5,53,65,86,103,도심권,마포구
202010161800 ,111291,보통,-99,점검중,0.062,51,0.027,43,0.6,23,0.004,25,47,119,64,72,102,동북권,중랑구
202010231100 ,111151,나쁨,53,점검중,0.074,47,0.002,33,0.4,10,0.004,18,54,95,33,59,102,동북권,마포구
202011220500 ,111274,점검중,-99,점검중,0.01,111,0.055,25,0.4,28,0.002,10,64,22,22,77,100,도심권,강동구
